OverallCond,HeatingQC,GrLivArea,FullBath,BedroomAbvGr,KitchenQual,GarageCars,SalePrice
5,5,158.8628762541806,2,3,4,2,4142895.0
8,5,117.24266072092159,2,3,3,2,3606405.0
5,5,165.9234485321442,2,3,4,2,4440945.0
5,4,159.51319212188778,1,3,4,3,2781800.0
5,5,204.19918246005204,2,4,4,3,4967500.0
5,5,126.53288740245263,1,1,3,2,2841410.0
5,5,157.37643998513565,2,3,4,2,6100090.0
6,5,194.1657376439985,2,3,3,2,3974000.0
5,4,164.80862133036047,2,2,3,2,2581113.0
6,5,100.05574136008919,1,2,3,1,2344660.0
5,5,96.61835748792271,1,3,3,1,2573165.0
5,5,215.90486807878113,3,4,5,3,6855150.0
6,3,84.726867335563,1,2,3,1,2861280.0
5,5,138.7959866220736,2,3,4,3,5553665.0
5,3,116.40654031958381,1,2,3,1,3119590.0
8,5,79.338535860275,1,2,3,2,2622840.0
7,5,93.27387588257155,1,2,3,2,2960630.0
5,3,120.40133779264215,2,2,3,2,1788300.0
5,5,103.49312523225568,1,3,4,2,3159330.0
6,3,124.3961352657005,1,3,3,1,2761930.0
5,5,220.73578595317727,3,4,4,3,6463711.0
7,5,102.93571163136382,1,3,4,1,2769878.0
5,5,166.759568933482,2,3,4,2,4570100.0
7,3,98.47640282422891,1,3,3,2,2581113.0
8,5,98.47640282422891,1,3,4,1,3059980.0
5,5,148.64362690449647,2,3,4,3,5092681.0
7,3,83.61204013377927,1,3,4,2,2678476.0
5,5,158.30546265328874,2,3,4,3,6080220.0
6,3,148.64362690449647,1,2,3,1,4123025.0
6,2,48.309178743961354,1,1,2,1,1361095.0
4,3,122.35228539576366,1,3,3,1,794800.0
6,4,114.08398364920104,1,3,4,1,2967584.5
5,5,114.64139725009291,2,3,4,2,3574613.0
5,4,157.9338535860275,1,4,4,2,3288485.0
5,5,145.02043849869938,2,2,5,2,5513925.0
5,5,227.79635823114086,3,4,4,3,6139830.0
5,5,101.9137866963954,1,3,3,2,2881150.0
6,4,120.49424005945745,1,3,3,2,3040110.0
7,3,98.19769602378298,1,3,4,1,2165830.0
5,3,107.02341137123746,2,2,2,0,1629340.0
5,5,123.00260126347084,2,3,3,2,3179200.0
6,4,123.37421033073208,1,2,3,1,3377900.0
7,4,82.1256038647343,1,2,4,2,2861280.0
6,3,87.14232627276107,1,3,3,1,2588067.5
6,5,106.83760683760684,1,3,3,1,2801670.0
5,5,162.76477146042365,2,2,5,2,6356413.0
5,5,199.64697138610182,1,1,4,2,4762560.82
5,5,153.84615384615387,2,3,4,3,4961539.0
5,4,134.89409141583056,2,2,3,0,2245310.0
7,5,88.72166480862134,1,3,3,1,2523490.0
6,4,136.56633221850615,2,3,3,2,3516990.0
6,3,109.25306577480491,1,3,3,2,2275115.0
5,3,75.80824972129321,1,2,3,2,2185700.0
5,4,171.12597547380156,0,0,4,3,7649950.0
5,3,126.34708286882201,1,3,3,2,2583100.0
5,4,132.3857302118172,2,3,3,2,3586535.0
5,5,161.5570419918246,2,3,4,2,3427575.0
5,5,159.7918989223337,2,3,4,2,3904455.0
5,5,273.5971757710888,3,3,4,3,8718558.6
7,5,72.46376811594203,1,2,3,1,2481763.0
5,5,107.58082497212932,1,3,4,2,3139460.0
7,3,103.21441843180975,1,3,2,1,2006870.0
5,5,127.27610553697511,2,2,4,2,4023675.0
6,4,158.8628762541806,2,3,3,2,2781800.0
5,5,188.96321070234114,2,3,4,2,4361465.0
5,5,229.74730583426236,2,4,4,3,6298790.0
5,3,205.03530286138982,2,3,3,2,3576600.0
5,5,137.40245261984393,2,3,4,2,4490620.0
6,3,69.3979933110368,1,2,3,1,1589600.0
4,3,212.46748420661464,2,3,3,2,4470750.0
6,5,206.52173913043478,2,3,3,2,4848280.0
6,3,78.50241545893721,1,2,3,2,2573165.0
5,4,159.6060943887031,2,3,3,2,3675950.0
7,4,100.89186176142698,1,3,3,2,2879163.0
6,4,149.10813823857302,2,3,3,1,2134038.0
5,3,91.78743961352657,1,2,3,1,1808170.0
7,5,88.44295800817541,1,2,3,1,2697352.5
5,3,119.37941285767373,1,2,3,1,2523490.0
5,3,164.2512077294686,2,4,3,0,2712255.0
6,4,114.26978818283166,1,2,3,2,2185700.0
6,3,198.99665551839465,2,4,4,1,3844845.0
5,5,124.21033073206986,2,2,3,2,3050045.0
5,5,145.20624303233,2,3,4,3,4868150.0
5,4,98.94091415830547,1,3,3,2,2513555.0
5,4,136.93794128576738,2,3,3,2,3348095.0
5,5,224.544778892605,2,4,4,2,5166200.0
5,5,144.92753623188406,2,3,4,2,3457380.0
5,5,113.71237458193981,2,2,4,2,3268615.0
2,3,141.76885916016352,1,2,2,0,1688950.0
5,5,91.9732441471572,1,3,3,0,2455932.0
5,3,96.61835748792271,1,2,3,2,2183713.0
3,3,114.73429951690822,1,2,3,2,1959182.0
7,5,89.55778520995914,1,2,3,2,3248745.0
6,5,212.8390932738759,2,4,3,2,2660593.0
5,5,165.9234485321442,2,3,4,2,4068382.5
8,4,136.56633221850615,2,3,3,2,3675950.0
5,5,147.52879970271275,2,3,4,2,4252180.0
5,3,89.18617614269789,1,3,3,1,1882682.5
5,2,77.5733927907841,1,2,3,1,1649210.0
5,2,113.80527684875511,1,3,3,0,2562236.5
7,4,149.5726495726496,2,3,4,2,4073350.0
5,3,160.90672612411743,2,3,4,2,3536860.0
5,3,142.6049795615013,2,4,3,2,2363814.68
5,5,113.89817911557043,2,3,4,3,3952143.0
4,5,168.89632107023414,1,4,3,1,3367965.0
5,5,185.0613154960981,2,3,4,2,4967500.0
7,4,97.26867335562989,1,2,3,1,1987000.0
5,5,73.29988851727983,1,2,3,1,2285050.0
7,3,140.93273875882574,2,3,2,0,2285050.0
6,5,171.3117800074322,2,3,3,2,3775300.0
4,4,172.3337049424006,2,4,3,1,2720203.0
5,5,132.85024154589374,2,3,3,2,3576600.0
5,5,250.46451133407658,2,4,5,3,7629483.9
5,3,209.86622073578596,2,3,4,2,4311790.0
8,5,215.5332590115199,2,3,4,1,5156265.0
5,4,135.45150501672242,2,2,3,2,3497120.0
5,3,101.44927536231884,1,3,3,1,2761930.0
5,4,104.51505016722409,1,2,3,2,3079850.0
5,4,299.33110367892976,3,5,4,3,6358400.0
5,5,135.2657004830918,2,3,4,2,3258481.3000000003
5,5,91.78743961352657,1,1,3,2,3576600.0
5,4,104.32924563359347,1,3,3,1,1987000.0
7,4,100.33444816053512,1,3,3,1,2702320.0
5,5,111.38981791155705,2,2,4,2,3057993.0
5,3,147.34299516908214,2,3,3,2,3596470.0
8,4,70.04830917874396,1,2,3,0,1679015.0
5,3,89.00037160906727,2,2,3,2,2543360.0
7,5,78.03790412486065,1,3,3,0,1728690.0
5,3,125.23225566703829,1,3,3,2,3079850.0
7,3,97.82608695652175,1,3,5,2,2980500.0
6,5,200.39018952062432,2,4,4,2,4490620.0
5,5,190.82125603864736,2,3,4,2,4848280.0
6,4,123.28130806391677,1,3,4,2,2995402.5
5,5,120.40133779264215,2,2,4,2,4371400.0
6,4,159.88480118914902,2,3,3,2,3576600.0
6,4,156.26161278335192,2,3,3,2,3457380.0
5,3,112.7833519137867,2,3,3,1,2841410.0
5,4,181.99554069119287,3,5,3,3,3397770.0
5,5,172.05499814195468,2,3,4,3,4570100.0
5,5,163.87959866220737,2,3,4,2,4599905.0
5,3,80.2675585284281,1,3,3,0,2285050.0
5,5,161.09253065774806,2,3,4,2,5166200.0
4,2,128.66963953920475,2,4,3,2,3298420.0
5,5,139.44630248978075,2,3,4,2,4053480.0
5,3,160.5351170568562,2,6,3,2,2483750.0
5,5,158.7699739873653,2,3,4,2,2583100.0
7,3,81.28948346339651,1,2,3,1,2086350.0
5,5,189.05611296915646,2,3,4,2,4421075.0
5,5,100.33444816053512,1,3,4,0,2801670.0
4,4,124.86064659977704,1,3,3,1,2285050.0
6,3,90.02229654403568,1,3,3,2,2424140.0
5,5,158.8628762541806,2,2,4,3,7399627.74
5,4,185.15421776291342,2,4,3,2,3775300.0
7,4,116.3136380527685,1,1,3,2,4669450.0
5,3,111.48272017837236,1,4,3,1,2483750.0
5,2,101.82088442958009,1,2,3,0,1569730.0
7,3,96.61835748792271,1,2,3,2,2175765.0
5,5,182.83166109253068,2,4,5,3,5354965.0
5,5,180.88071348940915,2,3,4,2,5064863.0
5,5,228.72538089929395,2,4,4,2,6358400.0
6,3,114.45559271646229,2,3,3,2,3228875.0
5,5,247.8632478632479,2,3,5,3,8196375.0
5,5,143.16239316239316,2,3,4,2,4371400.0
6,5,81.93979933110369,1,1,3,0,2050584.0
7,4,150.13006317354143,2,3,4,1,3020240.0
7,4,125.88257153474545,2,4,3,0,2533425.0
5,5,173.44853214418433,1,2,3,1,3775300.0
5,5,200.76179858788555,1,3,5,3,6470148.88
5,5,159.7918989223337,2,3,4,2,3646145.0
6,3,158.5841694537347,2,2,3,2,4530360.0
6,3,128.39093273875883,1,2,3,2,2553295.0
5,2,153.84615384615387,1,3,3,2,4272050.0
7,4,164.1583054626533,2,2,4,2,4748930.0
5,3,126.53288740245263,1,3,3,2,3238810.0
5,3,153.3816425120773,2,3,3,2,3656080.0
7,3,200.48309178743963,2,4,4,2,4828410.0
5,3,191.37866963953923,2,4,3,2,4192570.0
5,5,178.37235228539578,2,4,4,2,3427575.0
5,5,207.54366406540322,2,1,5,3,9971501.190000001
6,3,89.92939427722037,1,2,3,2,1987000.0
5,5,141.6759568933482,2,3,4,2,3516990.0
6,4,167.40988480118915,1,4,3,1,3975987.0
6,5,124.4890375325158,1,3,3,1,2384400.0
5,5,193.42251950947605,2,3,4,2,3974000.0
8,4,116.3136380527685,1,3,3,2,2523490.0
9,5,335.19137866963956,2,4,5,3,9438250.0
5,5,113.06205871423263,2,3,4,2,3437510.0
7,5,153.84615384615387,2,3,3,1,2682450.0
5,3,113.71237458193981,0,2,3,2,3046806.19
5,5,147.9933110367893,1,0,5,2,5682820.0
8,3,253.34448160535118,2,3,4,2,6259050.0
9,4,137.40245261984393,1,4,4,2,3656080.0
5,5,132.94314381270902,2,3,4,2,3815040.0
5,5,158.7699739873653,2,3,4,2,2583100.0
7,3,80.2675585284281,1,3,3,1,2523490.0
6,3,135.2657004830918,2,3,3,2,2950695.0
5,5,160.34931252322556,2,3,5,3,6196896.640000001
4,4,289.11185432924566,2,4,4,2,4669450.0
6,5,207.07915273132664,1,5,3,0,2066480.0
5,5,159.14158305462655,2,3,5,3,5462263.0
5,5,104.14344109996284,2,2,3,2,2781800.0
6,3,118.82199925678188,2,3,3,2,3407705.0
6,4,121.7019695280565,2,2,3,1,2225440.0
5,5,78.78112225938314,1,1,4,2,2960630.0
7,3,119.28651059085843,1,2,3,1,2185700.0
5,5,133.96506874767746,2,3,3,2,3586535.0
5,3,157.56224451876628,1,3,3,1,2859293.0
5,3,102.19249349684132,1,3,3,1,2801670.0
5,5,191.56447417316983,2,3,3,2,5503990.0
7,5,101.44927536231884,1,3,3,2,2881150.0
6,3,80.2675585284281,1,2,3,0,1947260.0
5,5,112.59754738015609,2,3,4,2,3695820.0
5,5,172.05499814195468,2,3,4,2,5020711.86
5,5,91.9732441471572,1,3,3,2,3099720.0
7,5,129.31995540691193,1,3,3,1,3213972.5
6,3,114.82720178372352,1,2,4,1,2671521.5
5,5,133.4076551467856,2,3,4,2,4172700.0
4,2,123.37421033073208,1,3,3,1,2126090.0
9,5,181.53102935711632,1,3,4,2,6189505.0
5,5,115.94202898550725,2,2,4,2,3323058.8000000003
5,5,139.16759568933483,2,2,4,2,4071363.0
5,5,210.60943887030845,2,4,4,2,3974000.0
6,3,144.1843180973616,2,3,3,2,3574613.0
6,4,80.2675585284281,1,2,3,2,1927390.0
5,5,222.22222222222223,2,3,5,3,7674787.5
5,3,120.95875139353402,2,3,3,1,2225440.0
5,5,234.11371237458195,2,4,4,3,5762300.0
6,3,91.69453734671127,1,2,3,1,2106220.0
5,3,84.726867335563,1,3,3,1,2483750.0
5,5,144.46302489780751,2,2,4,2,3824975.0
6,3,110.9253065774805,1,3,3,1,2940760.0
5,5,259.56893348197696,2,4,5,3,8007610.0
5,3,91.69453734671127,1,2,3,1,1877715.0
6,3,83.05462653288741,1,3,3,1,2547334.0
5,5,182.0884429580082,2,4,4,2,4301855.0
3,3,91.69453734671127,1,2,3,1,1778365.0
5,5,131.36380527684875,2,3,4,2,3685885.0
7,5,162.02155332590115,2,3,4,2,3864715.0
5,5,157.37643998513565,2,3,4,3,6318660.0
4,3,138.14567075436642,1,3,3,1,2245310.0
5,5,145.48494983277592,2,3,4,2,5215875.0
9,4,80.45336306205871,1,2,4,0,2195635.0
4,4,133.77926421404683,1,3,3,1,1569730.0
6,3,113.06205871423263,1,3,3,1,2384400.0
5,5,196.02378298030473,2,3,4,2,4073350.0
5,4,173.91304347826087,2,3,3,2,4798605.0
8,4,179.11557041991827,2,4,2,1,2722190.0
5,5,127.74061687105166,1,2,3,2,2781800.0
5,5,154.96098104793757,2,3,4,2,3576600.0
7,4,199.18246005202528,2,4,4,2,5503990.0
2,5,121.33036046079525,1,3,2,0,1520055.0
5,5,150.96618357487924,2,2,4,2,4669450.0
5,5,152.35971757710888,2,3,4,2,3437510.0
7,5,120.95875139353402,2,3,4,1,3139460.0
6,3,122.07357859531773,1,3,3,1,2881150.0
5,5,212.8390932738759,2,4,4,2,4570100.0
5,5,160.5351170568562,2,3,4,2,4123025.0
5,5,149.01523597175773,2,3,4,2,4371400.0
5,5,166.48086213303606,2,3,4,2,4599905.0
5,4,81.93979933110369,1,2,3,1,1927390.0
5,3,128.39093273875883,1,3,3,2,3497120.0
5,5,239.13043478260872,2,3,5,3,5484120.0
7,3,112.59754738015609,1,3,3,2,3000370.0
7,3,122.25938312894836,1,3,3,2,2583100.0
5,4,70.97733184689707,1,2,3,2,1450510.0
6,3,132.10702341137124,2,3,4,2,3487185.0
5,4,140.37532515793387,2,3,3,2,3675950.0
8,5,203.64176885916018,2,4,4,1,3566665.0
6,5,72.27796358231141,1,2,3,1,2394335.0
7,3,103.40022296544036,1,3,3,1,2940760.0
5,4,180.13749535488668,2,3,4,3,5285420.0
7,5,126.62578966926793,1,2,3,2,4798605.0
7,5,210.88814567075437,2,4,4,3,5762300.0
6,4,151.61649944258642,2,3,3,1,2761930.0
7,3,75.80824972129321,1,2,3,1,2473815.0
7,4,143.81270903010034,2,3,5,2,4073350.0
5,5,144.92753623188406,2,3,4,2,3993870.0
5,5,80.2675585284281,1,2,3,2,2801670.0
5,5,197.04570791527314,2,3,5,3,8251971.260000001
5,5,187.84838350055742,2,4,3,2,3815040.0
6,4,184.132292827945,2,3,4,2,4540295.0
5,4,117.24266072092159,2,2,4,2,3675950.0
5,5,122.07357859531773,2,2,4,2,4123025.0
5,5,136.38052768487552,2,3,4,3,4860202.0
5,4,146.32107023411373,2,2,4,2,3560704.0
5,5,116.12783351913788,2,2,4,2,3272589.0
7,3,161.09253065774806,1,3,4,2,3159330.0
4,3,79.71014492753623,1,3,3,0,1748560.0
5,3,83.61204013377927,1,3,3,1,2424140.0
7,5,129.6915644741732,1,3,3,1,3051535.25
5,5,178.27945001858046,2,3,4,2,4634280.100000001
6,5,159.42028985507247,2,6,2,0,2700333.0
4,4,159.42028985507247,1,3,3,1,2602970.0
7,2,210.23782980304722,2,3,4,2,4669450.0
5,3,152.73132664437014,1,3,3,2,3318290.0
6,3,93.18097361575623,1,3,3,2,2831475.0
5,3,144.74173169825346,1,4,3,1,3020240.0
5,5,181.1594202898551,2,3,4,2,4748930.0
6,4,161.92865105908587,1,3,3,2,3477250.0
8,5,107.02341137123746,1,3,4,1,3149395.0
5,3,124.11742846525456,1,2,3,1,3119590.0
5,5,227.79635823114086,2,4,4,2,5305290.0
5,5,143.16239316239316,2,3,4,3,4073350.0
7,3,83.05462653288741,1,3,3,2,2978513.0
9,5,324.5076179858789,3,3,4,3,5861650.0
5,5,185.8045336306206,2,3,4,3,6078233.0
5,4,208.379784466741,2,4,4,3,4470750.0
7,3,130.6205871423263,1,3,2,0,1778365.0
5,5,79.98885172798217,1,1,3,2,1639275.0
5,5,180.60200668896323,2,3,5,3,7153200.0
5,4,139.44630248978075,2,3,4,2,3290472.0
6,5,90.30100334448161,1,2,3,1,2622840.0
7,3,103.86473429951691,1,3,3,2,2382413.0
5,3,189.14901523597177,2,3,3,2,7451250.0
7,5,152.4526198439242,1,3,5,2,3536860.0
5,5,133.03604607952434,2,3,4,2,3745495.0
7,3,218.59903381642513,2,4,5,2,5166200.0
5,5,181.99554069119287,2,3,4,3,5364900.0
5,5,245.81939799331104,2,4,4,3,5166200.0
5,3,136.75213675213675,2,3,3,2,3725625.0
5,5,241.17428465254554,3,4,4,3,6808316.41
5,5,229.28279450018582,2,4,4,3,7033980.0
5,5,253.62318840579712,2,4,4,2,5980870.0
8,5,108.04533630620588,1,3,3,1,2507097.25
7,5,276.66295057599405,2,5,4,2,4808540.0
6,1,74.60052025269417,1,2,3,2,1728690.0
5,5,159.6989966555184,1,1,4,2,6437880.0
5,3,128.48383500557415,1,3,3,1,2886117.5
6,4,198.25343738387218,2,5,4,2,4262115.0
5,3,110.73950204384988,1,3,3,1,1549860.0
4,3,160.5351170568562,2,6,3,1,2364530.0
6,2,98.10479375696768,1,3,3,1,2761930.0
5,5,151.33779264214047,2,3,4,3,5643080.0
5,5,126.16127833519138,2,2,4,2,4113090.0
5,4,152.17391304347828,2,3,3,2,3815040.0
6,5,165.9234485321442,2,3,3,2,4549236.5
5,5,178.5581568190264,2,3,4,3,7499454.62
5,5,142.6978818283166,2,3,4,2,4252180.0
7,5,150.594574507618,2,3,4,2,4023675.0
7,3,112.87625418060202,1,3,3,1,3079850.0
5,5,177.25752508361205,2,4,4,2,4031623.0
4,4,78.13080639167596,1,2,3,1,1629340.0
4,2,96.61835748792271,2,2,3,2,1738625.0
5,5,156.44741731698255,2,2,5,2,5285420.0
3,3,103.30732069862505,1,3,3,1,1688950.0
5,4,146.50687476774434,1,3,2,1,2785774.0
8,3,89.00037160906727,1,2,3,1,3010305.0
5,5,137.3095503530286,2,3,3,2,3129525.0
5,5,151.05908584169455,2,2,4,2,3059980.0
5,5,253.4373838721665,2,4,5,3,8686249.98
5,5,173.63433667781496,2,2,5,2,6319872.07
5,4,134.98699368264587,1,2,4,2,3775300.0
6,3,103.21441843180975,1,3,3,1,1887650.0
8,4,66.88963210702342,1,2,3,2,2104233.0
5,5,148.17911557041992,1,2,3,1,2781800.0
5,5,111.48272017837236,2,3,4,2,3526925.0
6,4,108.41694537346712,2,3,4,2,3437510.0
5,3,106.09438870308436,1,3,3,2,2662580.0
4,5,125.60386473429952,1,3,4,1,2583100.0
5,5,178.743961352657,2,3,4,2,5563600.0
6,5,84.726867335563,1,2,3,2,3099720.0
5,4,139.817911557042,1,3,3,1,2881150.0
5,5,178.5581568190264,3,4,4,2,3944195.0
8,4,91.69453734671127,1,2,4,1,2344660.0
5,3,146.22816796729842,2,3,3,2,3775300.0
7,4,124.86064659977704,1,3,3,1,2920890.0
5,4,129.50575994054256,1,3,3,2,3159330.0
5,4,132.94314381270902,1,3,3,1,3278550.0
6,4,117.80007432181345,1,2,3,1,2622840.0
7,5,119.56521739130436,1,3,4,2,3218940.0
5,5,154.58937198067633,2,3,3,2,3425588.0
4,3,147.52879970271275,2,4,3,2,2671163.8400000003
5,3,69.86250464511335,1,2,3,1,2483750.0
6,3,122.53808992939429,1,3,3,1,2444010.0
5,5,179.11557041991827,2,4,4,2,4361465.0
1,4,83.9836492010405,0,1,2,0,1212070.0
5,5,84.91267186919362,1,2,3,2,2940760.0
5,5,229.09698996655518,3,4,4,2,6755800.0
2,5,172.42660720921592,1,1,5,3,7837363.840000001
5,5,167.22408026755855,2,3,3,2,3556730.0
6,3,157.09773318468973,2,3,4,1,2523490.0
5,5,120.8658491267187,2,2,4,2,3730592.5
5,5,166.9453734671126,2,3,4,2,4242245.0
3,3,72.83537718320328,1,2,3,2,1510120.0
5,5,181.438127090301,2,3,4,2,4768800.0
5,5,117.89297658862877,2,2,4,2,3815040.0
3,3,109.99628390932739,1,5,3,0,1609470.0
6,5,104.51505016722409,1,3,3,1,2483750.0
5,5,137.40245261984393,2,3,4,2,3795170.0
5,5,216.64808621330363,2,3,5,3,8464620.0
8,5,126.99739873652918,1,4,3,1,2364530.0
5,5,182.1813452248235,2,3,4,2,4272050.0
7,3,81.93979933110369,1,3,3,1,2116155.0
5,3,73.20698625046451,1,2,3,0,1987000.0
6,4,96.06094388703085,1,2,3,1,2165830.0
6,3,106.28019323671498,1,3,3,1,2563230.0
5,3,83.05462653288741,1,2,3,2,2444010.0
5,3,168.33890746934227,2,4,3,1,3367965.0
2,4,100.05574136008919,1,2,3,1,1331290.0
5,5,143.99851356373097,2,2,4,2,4788670.0
5,5,119.65811965811966,1,1,5,2,4878085.0
5,5,121.7019695280565,2,3,4,2,3278351.3000000003
8,5,62.43032329988852,1,2,3,1,2145960.0
5,4,210.23782980304722,2,4,4,2,5126460.0
5,4,146.0423634336678,2,3,3,2,3338160.0
4,5,150.5016722408027,2,3,3,2,2980500.0
5,5,152.2668153102936,1,3,3,1,2285050.0
7,5,156.0758082497213,2,4,3,1,3516990.0
5,5,201.78372352285396,2,3,4,3,5563600.0
5,5,193.0509104422148,2,3,5,3,6750832.5
3,3,118.54329245633595,1,3,3,1,1192200.0
5,3,98.10479375696768,1,3,3,2,2881150.0
5,5,137.3095503530286,2,2,4,2,4411140.0
6,4,95.50353028613898,1,2,3,2,2285050.0
5,5,194.8160535117057,2,3,4,3,4530360.0
5,5,124.4890375325158,2,3,4,2,3599132.58
7,3,130.06317354143442,1,3,3,2,2970565.0
6,3,243.77554812337422,2,4,3,3,4748930.0
6,2,105.35117056856188,1,3,3,1,2503620.0
6,5,98.10479375696768,1,3,3,1,2821540.0
5,5,124.86064659977704,2,2,3,4,4099181.0
7,4,148.8294314381271,2,3,4,2,4272050.0
5,5,91.78743961352657,1,2,3,2,2245310.0
5,4,244.33296172426608,2,4,4,3,6259050.0
5,4,111.11111111111111,1,2,3,1,2761930.0
8,4,129.041248606466,1,3,3,1,2682450.0
5,4,152.73132664437014,2,2,4,2,5464250.0
6,5,84.26235600148644,1,3,3,1,2165988.96
5,5,112.22593831289484,2,2,4,2,3882598.0
5,3,131.17800074321815,2,3,4,2,3477250.0
5,3,91.69453734671127,1,2,3,1,1696898.0
7,4,111.29691564474174,1,4,3,0,1587613.0
5,5,126.81159420289856,1,2,3,2,2434075.0
5,5,149.01523597175773,2,3,3,2,3596470.0
7,4,58.52842809364549,1,1,3,0,1609470.0
6,5,154.31066518023042,2,3,4,2,4212440.0
8,3,103.86473429951691,1,2,3,2,2304920.0
7,4,83.9836492010405,1,2,3,1,2364530.0
6,3,64.47417316982535,1,2,4,1,1795254.5
8,4,111.11111111111111,1,3,4,2,2185700.0
5,5,223.15124489037535,2,2,5,3,11027850.0
4,3,133.77926421404683,2,4,2,0,2344660.0
7,3,146.1352657004831,2,3,3,2,3236823.0
5,5,116.87105165366036,2,2,4,3,3427575.0
5,5,177.25752508361205,2,4,4,2,4172700.0
5,2,156.9119286510591,1,3,3,2,2533425.0
6,5,175.39947974730583,2,2,4,2,3775300.0
5,4,175.21367521367523,2,4,4,2,3972013.0
6,3,127.83351913786697,2,3,3,1,2374465.0
7,5,109.90338164251209,1,2,3,1,2384400.0
8,5,75.52954292084728,1,2,4,1,2185700.0
5,3,142.4191750278707,2,2,4,2,5563600.0
5,5,163.13638052768488,2,3,3,2,4053480.0
5,5,147.71460423634338,2,3,4,2,4172700.0
5,3,160.5351170568562,2,4,3,2,3735560.0
6,2,115.38461538461539,1,3,3,2,3487185.0
5,2,124.86064659977704,1,4,3,3,1947260.0
6,5,154.49646971386102,1,2,4,2,5086720.0
7,2,154.77517651430696,1,3,4,1,3199070.0
4,3,111.76142697881829,1,3,4,1,2185700.0
5,5,179.76588628762542,2,3,3,2,5234453.45
9,5,105.44407283537718,1,3,4,2,3079850.0
5,4,80.2675585284281,1,3,3,1,1239550.21
7,2,154.2177629134151,1,3,3,1,3749469.0
5,3,96.61835748792271,2,3,3,0,2463880.0
5,5,131.36380527684875,2,2,4,2,3551563.8000000003
5,3,118.63619472315125,1,2,3,2,3318290.0
7,5,152.73132664437014,1,3,4,1,2910955.0
5,5,151.80230397621702,2,3,4,3,4967500.0
5,5,158.8628762541806,2,3,4,2,3715690.0
5,3,139.53920475659606,1,1,4,2,4212440.0
6,3,182.92456335934597,2,3,3,2,3775300.0
5,5,99.59123002601264,1,2,3,2,2940760.0
5,5,183.57487922705315,2,2,4,3,8742800.0
5,5,153.4745447788926,2,2,5,2,4987370.0
6,3,90.11519881085098,1,2,3,2,2632775.0
5,5,138.70308435525828,2,3,4,2,4150843.0
5,5,245.54069119286513,2,3,5,3,7550600.0
5,5,159.6060943887031,2,3,4,3,5901390.0
7,3,105.07246376811595,1,2,3,2,1777788.77
5,5,171.86919360832405,2,3,4,3,6477620.0
5,5,166.48086213303606,2,2,5,3,7431380.0
8,5,169.6395392047566,1,4,5,1,3079850.0
5,5,112.96915644741732,2,2,3,2,3258680.0
7,4,92.80936454849498,1,3,4,1,2632775.0
7,4,103.40022296544036,1,3,4,1,2920890.0
7,3,99.68413229282795,1,3,3,2,3099720.0
6,4,137.86696395392048,2,3,3,2,3477250.0
4,3,224.26607209215905,2,3,3,2,3179200.0
8,3,58.52842809364549,1,1,4,1,1708820.0
6,3,121.14455592716463,1,3,3,1,2285050.0
7,3,146.59977703455965,1,3,2,1,2642710.0
5,4,135.2657004830918,2,3,3,2,3433237.95
6,3,117.89297658862877,1,3,3,1,3079850.0
8,4,82.31140839836492,1,2,3,1,1814131.0
5,3,66.88963210702342,1,2,3,0,693463.0
5,5,299.88851727982166,3,4,4,2,8544100.0
6,5,169.08212560386474,2,4,3,1,3656080.0
7,5,83.51913786696396,1,3,4,1,2583100.0
7,2,84.726867335563,1,2,3,1,2384400.0
5,3,113.15496098104795,1,3,3,1,2245310.0
5,4,164.2512077294686,2,3,4,2,4504529.0
7,5,112.7833519137867,1,2,3,2,2781800.0
8,3,167.31698253437384,2,1,3,2,5742430.0
5,3,122.81679672984022,2,3,3,2,2920890.0
5,4,182.0884429580082,2,4,3,2,2473815.0
5,5,177.53623188405797,2,3,4,2,4272050.0
5,5,113.15496098104795,2,2,4,2,4138921.0
9,5,128.0193236714976,2,3,4,2,3199070.0
6,5,96.71125975473802,1,3,3,1,2473815.0
7,5,126.62578966926793,1,2,3,1,3276563.0
5,5,127.09030100334449,2,2,4,2,4026953.5500000003
5,3,80.2675585284281,1,3,3,2,2581113.0
5,3,100.33444816053512,1,3,3,2,2662580.0
5,2,73.29988851727983,1,2,3,1,1917455.0
5,5,187.66257896692682,2,3,5,3,8004848.07
6,3,196.8599033816425,2,3,3,2,3139460.0
5,5,217.76291341508735,2,3,4,3,5265550.0
5,5,166.8524712002973,2,3,3,2,4192570.0
9,5,193.23671497584542,1,3,4,1,4649580.0
7,3,120.21553325901152,2,3,3,0,2111187.5
6,5,115.57041991824602,1,3,3,1,2980500.0
7,5,154.58937198067633,2,3,3,2,3159330.0
5,5,434.410999628391,3,3,5,3,3670982.5
5,5,222.7796358231141,2,3,4,3,6273952.5
5,5,117.61426978818284,2,3,4,2,3497120.0
7,3,86.21330360460796,1,2,3,1,2622840.0
5,5,252.04384986993685,2,3,5,3,8867206.07
7,5,56.20587142326273,1,2,3,0,1708820.0
3,3,233.6492010405054,3,4,3,2,3986398.8800000004
5,5,140.18952062430324,2,3,4,2,3477250.0
8,5,126.53288740245263,2,3,3,2,2543360.0
7,5,76.83017465626162,1,2,3,1,2136025.0
3,2,31.02935711631364,1,1,2,0,780891.0
5,5,131.36380527684875,2,3,4,2,3536860.0
7,3,125.13935340022297,1,3,3,0,2136025.0
5,5,160.16350798959496,2,3,4,2,3735560.0
5,3,80.2675585284281,1,3,3,2,2210537.5
5,3,107.67372723894464,1,3,3,1,3139460.0
5,5,148.7365291713118,2,3,4,2,5404640.0
5,5,170.75436640654033,2,2,5,3,6259050.0
5,5,212.28167967298404,2,4,4,3,4927760.0
5,5,156.0758082497213,2,3,4,2,4237277.5
5,5,71.256038647343,1,1,3,1,2642710.0
5,5,138.9817911557042,2,3,4,2,3569943.5500000003
5,4,202.80564845782237,2,4,4,3,4550230.0
7,5,151.89520624303233,1,3,3,2,4172700.0
7,5,71.3489409141583,1,2,3,2,2573165.0
7,3,76.644370122631,1,2,3,2,2483750.0
5,5,194.53734671125977,2,4,4,2,5225810.0
6,3,99.31252322556671,2,2,3,2,2781800.0
6,4,86.21330360460796,1,3,3,1,2235375.0
5,5,159.51319212188778,2,3,4,3,5076785.0
5,5,104.60795243403939,2,2,4,2,2145960.0
5,5,190.07803790412487,2,3,4,3,5643080.0
6,3,97.36157562244519,1,2,3,1,2245310.0
5,3,101.44927536231884,1,2,3,1,2801670.0
6,4,124.11742846525456,1,3,3,1,2145960.0
5,5,134.3366778149387,2,3,3,2,3477250.0
5,5,144.64882943143814,2,2,4,2,4649580.0
6,3,129.31995540691193,1,3,3,2,2414205.0
5,4,129.041248606466,1,2,3,2,3377900.0
6,5,92.53065774804905,1,3,3,0,2145960.0
7,5,155.51839464882943,2,4,3,2,3675950.0
5,5,213.21070234113714,2,4,4,2,5325160.0
4,3,153.01003344481606,1,4,2,1,2543360.0
5,5,232.627276105537,2,4,5,3,6457750.0
5,5,142.6049795615013,2,3,4,2,4252180.0
8,5,198.06763285024155,1,1,4,2,6290842.0
5,3,87.60683760683762,1,2,3,2,2701525.2
5,3,160.5351170568562,2,6,3,2,2833462.0
6,5,80.2675585284281,1,2,4,1,2384400.0
5,4,157.19063545150502,2,3,4,2,4460815.0
5,5,132.85024154589374,2,3,3,2,3377900.0
7,3,103.02861389817912,1,3,3,1,2761930.0
5,3,112.96915644741732,1,2,3,1,2354595.0
7,4,137.21664808621333,2,3,3,1,2881150.0
6,5,122.63099219620959,1,3,3,2,3268615.0
5,5,129.31995540691193,2,2,4,2,2901020.0
5,5,166.759568933482,2,4,3,1,2612905.0
6,5,132.75733927907842,1,3,4,2,3614353.0
5,5,189.70642883686364,2,3,5,3,5032931.91
5,3,75.80824972129321,1,3,3,0,2354595.0
9,4,257.8037904124861,3,3,4,2,6457750.0
7,5,146.1352657004831,1,3,4,1,2642710.0
5,5,188.40579710144928,2,2,4,3,7349913.0
7,5,77.85209959123003,1,2,2,1,2583100.0
6,3,79.89594946116685,1,2,3,2,2722190.0
8,5,136.84503901895206,1,1,5,1,2841410.0
6,3,86.86361947231514,1,2,3,1,1579665.0
5,5,146.97138610182088,2,3,4,2,3693833.0
5,5,213.30360460795245,2,3,5,3,8980246.5
8,5,75.80824972129321,1,2,3,2,2742060.0
5,5,78.78112225938314,1,1,4,2,2781800.0
6,3,85.84169453734671,1,3,3,1,2185700.0
5,5,169.6395392047566,2,3,4,3,6338530.0
7,5,127.09030100334449,1,3,3,1,2275194.48
5,5,130.24897807506503,0,2,4,3,3858773.87
6,5,153.01003344481606,2,3,4,2,4321725.0
6,3,144.55592716462283,2,3,3,2,3000370.0
5,5,176.88591601635082,2,3,5,2,5464250.0
6,3,127.74061687105166,1,3,4,1,2801670.0
5,5,177.90784095131923,2,3,4,2,4371400.0
5,5,111.48272017837236,2,2,4,2,3000370.0
5,5,138.7959866220736,2,3,4,2,4391270.0
6,3,184.50390189520624,2,3,3,2,4073350.0
5,4,96.61835748792271,1,3,4,2,3020240.0
8,5,186.5477517651431,3,3,5,1,4470750.0
6,3,296.7298402081011,2,4,3,2,7135317.0
5,4,95.5964325529543,1,3,3,1,2354595.0
5,5,200.01858045336309,2,3,5,3,6219310.0
6,3,95.87513935340023,2,3,3,2,2940760.0
5,5,173.91304347826087,2,3,5,2,5196005.0
5,5,104.05053883314754,1,3,3,0,2920890.0
6,5,58.52842809364549,1,1,3,0,1500185.0
7,5,97.91898922333705,1,3,4,2,2732125.0
5,5,140.18952062430324,2,3,4,2,3640184.0
6,4,77.29468599033817,1,2,4,2,2096285.0
5,5,169.82534373838723,2,3,4,3,6255334.3100000005
5,5,210.1449275362319,2,4,4,3,6060350.0
3,3,80.2675585284281,1,2,3,0,1331290.0
7,3,242.84652545522113,2,4,3,2,4768800.0
6,3,91.0442214790041,1,3,3,2,2682450.0
5,5,140.46822742474916,2,2,4,2,3348095.0
5,4,166.29505759940542,1,4,3,2,3281530.5
6,3,103.6789297658863,1,3,3,2,3179200.0
5,3,132.10702341137124,1,3,3,1,2779813.0
6,5,141.21144555927165,1,3,3,1,3040110.0
5,3,193.23671497584542,1,5,2,2,2682450.0
5,3,125.4180602006689,1,3,3,2,3348095.0
6,3,162.57896692679302,1,3,5,1,2463880.0
5,5,144.3701226309922,2,2,4,2,4162765.0
5,3,131.08509847640283,2,3,3,2,1639275.0
7,3,98.10479375696768,1,3,3,1,2769878.0
5,4,98.10479375696768,0,0,3,2,2861280.0
7,5,315.40319583797844,2,8,2,0,3974000.0
3,2,74.32181345224824,1,1,2,0,1192200.0
4,3,128.85544407283538,2,3,4,1,1847910.0
7,4,73.950204384987,1,2,3,0,1688950.0
5,5,145.57785209959124,2,1,5,3,5256827.07
5,5,141.02564102564102,1,1,5,2,5444380.0
5,5,179.20847268673356,2,3,4,2,4490620.0
7,4,251.20772946859904,2,4,5,2,6855150.0
5,5,150.5016722408027,2,4,3,2,3020240.0
5,5,164.065403195838,2,2,5,3,7369345.86
5,3,91.13712374581941,1,3,3,2,2846377.5
5,4,97.36157562244519,1,3,3,2,1953221.0
5,5,101.63507989594947,1,3,3,2,3079850.0
5,3,170.84726867335564,1,4,3,2,3079850.0
6,4,58.52842809364549,1,1,3,0,1679015.0
6,5,154.68227424749165,2,3,4,2,4092226.5
5,3,140.28242289111856,1,4,3,1,2145960.0
5,5,159.42028985507247,2,2,4,2,3795170.0
7,5,136.47342995169083,1,3,3,1,2682450.0
6,5,196.30248978075068,2,2,4,3,6954500.0
5,3,101.44927536231884,1,3,3,1,1748560.0
7,5,97.82608695652175,1,3,4,1,2891085.0
6,3,139.53920475659606,1,3,3,1,2960630.0
5,3,135.45150501672242,1,3,3,1,1937325.0
7,5,138.0527684875511,1,3,3,2,3318290.0
7,3,179.76588628762542,2,3,3,2,3932273.0
7,5,227.42474916387962,2,4,4,3,7987740.0
3,4,129.31995540691193,1,2,3,2,2185700.0
5,3,109.71757710888146,2,3,3,2,2732125.0
5,5,194.8160535117057,1,1,5,3,8405010.0
5,5,179.85878855444074,2,3,4,2,4580035.0
5,3,221.1073950204385,2,3,3,2,2563230.0
5,5,155.982905982906,2,3,4,2,3844845.0
6,4,133.5005574136009,1,3,3,2,3338160.0
5,5,109.62467484206616,1,2,2,1,2732125.0
5,5,137.123745819398,2,3,4,2,3447445.0
6,3,127.1832032701598,2,3,3,1,2058532.0
6,3,112.22593831289484,1,3,3,2,3278550.0
7,5,170.84726867335564,2,3,4,2,5116525.0
6,3,105.5369751021925,1,3,3,1,2781800.0
6,3,133.87216648086215,2,3,3,2,2950695.0
2,2,164.80862133036047,2,4,3,3,1728690.0
8,5,73.57859531772576,1,2,4,1,2175765.0
5,5,190.07803790412487,2,3,4,3,7401575.0
5,3,91.78743961352657,1,3,3,2,2553295.0
5,3,85.74879227053141,2,2,3,1,2841410.0
5,5,141.21144555927165,1,3,3,1,3167953.58
5,5,119.93682645856559,1,2,4,2,3437510.0
5,5,154.96098104793757,2,3,4,3,5662950.0
5,4,170.84726867335564,2,4,3,2,4391270.0
5,4,194.1657376439985,2,3,4,2,4123025.0
6,5,163.60089186176143,3,3,4,2,4527876.25
5,5,102.37829803047195,2,2,4,2,2956656.0
6,5,131.82831661092533,2,2,4,2,7789040.0
5,5,126.53288740245263,2,2,4,2,3868689.0
5,5,78.78112225938314,1,1,4,2,2801670.0
6,5,400.96618357487927,3,4,5,3,15001850.0
5,5,234.02081010776664,2,4,4,2,6656450.0
6,5,99.68413229282795,1,2,3,1,2155497.6
6,3,142.97658862876256,1,3,3,2,2811605.0
6,4,105.62987736900781,2,2,4,2,3497120.0
7,4,57.227796358231146,1,2,3,1,1768430.0
7,2,106.65180230397623,1,2,3,1,2453945.0
8,5,83.05462653288741,1,3,3,1,2751995.0
5,5,129.22705314009661,2,2,4,2,3894520.0
5,5,167.22408026755855,2,3,4,3,6209375.0
5,3,108.13823857302118,1,3,3,2,2781800.0
5,5,239.31623931623932,2,4,5,3,7191330.53
9,4,168.33890746934227,2,4,4,2,2781800.0
5,5,137.86696395392048,2,3,4,2,4232310.0
5,2,101.44927536231884,2,3,2,0,1092850.0
5,3,169.453734671126,2,2,4,2,6000740.0
5,5,123.00260126347084,2,2,4,2,5046980.0
5,5,135.2657004830918,2,3,4,2,3567459.8000000003
7,3,83.9836492010405,1,3,3,1,2183713.0
6,4,67.72575250836121,1,2,3,0,1033240.0
7,4,109.43887030843553,1,2,3,1,2042159.12
5,4,114.08398364920104,2,2,4,2,3755430.0
5,3,89.18617614269789,1,3,3,2,2563230.0
8,5,137.40245261984393,2,3,4,2,2593035.0
5,3,125.4180602006689,2,3,3,2,3278550.0
8,5,237.2723894463025,1,3,3,2,3169265.0
6,4,109.43887030843553,1,3,4,2,3119590.0
5,5,224.6376811594203,2,3,4,3,6775670.0
6,3,90.2081010776663,1,3,3,1,2553295.0
5,3,161.83574879227055,2,2,4,2,5464250.0
5,5,78.78112225938314,1,1,4,2,2841410.0
7,5,80.2675585284281,1,3,3,2,2473815.0
6,5,136.56633221850615,2,4,3,1,2682450.0
5,5,157.74804905239688,2,3,5,3,6358400.0
6,3,80.2675585284281,1,3,4,2,2394335.0
9,5,156.0758082497213,2,3,4,2,4411140.0
5,5,114.45559271646229,2,2,4,2,3864715.0
5,3,164.9944258639911,2,4,3,3,2185700.0
5,3,112.22593831289484,1,2,3,2,2046610.0
5,5,150.13006317354143,2,2,4,2,4699255.0
5,5,106.46599777034561,2,3,4,2,3725625.0
5,5,188.68450390189523,2,3,4,2,4421075.0
6,5,106.28019323671498,1,3,3,1,2610918.0
5,3,88.07134894091416,1,3,3,1,2145960.0
7,2,164.2512077294686,1,2,3,2,3238810.0
4,4,96.61835748792271,2,2,3,2,1857845.0
5,5,167.31698253437384,2,3,4,3,4766813.0
5,3,111.48272017837236,3,3,3,0,3556730.0
5,5,160.5351170568562,2,3,4,2,3775300.0
7,5,133.03604607952434,2,2,3,2,2622840.0
8,4,84.726867335563,1,3,4,1,2821540.0
5,5,125.32515793385359,2,3,3,2,3556730.0
6,5,136.00891861761428,2,3,3,2,3477250.0
5,4,124.21033073206986,2,2,4,2,3576600.0
9,5,252.22965440356745,3,4,4,2,5957026.0
5,5,209.58751393534004,2,4,4,2,4689320.0
7,3,245.26198439241918,1,4,4,4,5285002.73
5,5,159.7918989223337,2,3,4,2,5174148.0
3,3,142.04756596060946,2,4,3,1,1947260.0
7,4,105.90858416945375,1,3,3,0,1917455.0
5,5,122.63099219620959,2,3,4,2,3218940.0
5,5,138.7959866220736,2,3,4,2,4311790.0
5,4,194.908955778521,2,3,5,3,5474185.0
8,4,95.31772575250837,1,3,4,2,3099720.0
5,4,136.65923448532146,2,3,3,2,3427575.0
5,5,164.2512077294686,2,3,4,2,4212440.0
5,3,128.76254180602007,2,3,3,2,3157343.0
5,4,139.44630248978075,2,3,3,2,3564678.0
5,5,235.13563730955036,2,4,4,3,5762300.0
6,5,80.2675585284281,1,2,3,1,2533425.0
5,3,120.8658491267187,1,2,2,2,1987000.0
5,5,143.71980676328502,2,3,4,2,4276024.0
5,5,219.71386101820886,2,3,4,3,6696190.0
5,5,138.7959866220736,1,2,5,2,5364900.0
5,5,139.91081382385732,2,2,5,2,5248302.84
5,3,159.23448532144187,2,3,3,2,3904455.0
7,5,162.57896692679302,2,4,3,1,3179200.0
5,5,170.5685618729097,2,3,4,2,4308551.19
5,5,304.62653288740245,3,4,5,3,10690060.0
5,3,79.71014492753623,1,2,3,2,2680463.0
5,3,113.34076551467857,1,2,3,2,2026740.0
5,3,103.77183203270161,1,3,3,2,2126090.0
5,5,84.726867335563,1,2,3,1,2275115.0
5,4,183.29617242660723,2,3,4,3,7848650.0
5,5,111.8543292456336,2,2,3,2,3218940.0
5,5,149.94425863991083,2,3,4,3,4401205.0
5,3,83.05462653288741,1,3,3,2,2831475.0
5,3,187.66257896692682,2,4,3,2,2861280.0
5,3,93.27387588257155,1,2,3,2,2682450.0
5,4,116.40654031958381,2,3,3,2,3497120.0
5,5,148.92233370494242,2,3,4,2,3495133.0
5,5,132.85024154589374,2,3,4,2,3717677.0
6,5,103.12151616499443,1,1,4,2,3288485.0
6,5,137.86696395392048,2,3,3,0,2543360.0
5,3,124.67484206614643,2,3,3,2,3209005.0
6,3,153.4745447788926,2,4,3,1,2761930.0
5,5,193.60832404310668,2,4,4,2,4629710.0
7,5,83.70494240059458,1,2,3,1,2143973.0
8,4,193.8870308435526,2,5,4,2,3725625.0
5,5,106.3730955035303,2,2,4,2,3183174.0
5,3,98.66220735785954,1,3,3,2,2916916.0
5,5,187.01226309921964,2,3,3,2,5360727.3
5,5,138.9817911557042,2,3,4,2,4470750.0
5,5,176.049795615013,2,3,4,2,3864715.0
6,3,145.2991452991453,2,3,3,2,3397770.0
5,5,119.37941285767373,1,3,3,2,2851345.0
5,4,71.81345224823487,1,2,3,1,2185700.0
5,5,291.7131178000743,3,4,5,3,9636950.0
7,5,164.2512077294686,1,3,4,1,3477250.0
5,4,156.81902638424378,2,4,4,2,3974000.0
7,5,111.11111111111111,1,2,3,2,2183713.0
5,5,135.2657004830918,2,3,4,2,3755430.0
5,5,262.17019695280567,3,4,5,3,11582878.71
5,3,104.79375696767002,1,2,3,1,2344660.0
5,5,132.6644370122631,2,3,5,2,4524001.600000001
5,4,91.0442214790041,2,3,3,1,2692385.0
6,5,146.41397250092902,1,3,4,2,4440945.0
5,3,100.89186176142698,1,3,3,2,3178206.5
5,3,198.62504645113341,2,2,3,2,2106220.0
6,2,121.60906726124118,1,3,4,2,3596470.0
5,5,78.78112225938314,1,1,4,2,2871215.0
5,3,96.98996655518395,1,2,2,2,1112580.9100000001
6,4,133.96506874767746,1,4,3,1,3137473.0
7,4,116.12783351913788,1,3,2,1,2304920.0
5,5,154.31066518023042,2,3,4,2,4468763.0
6,4,93.64548494983278,1,2,3,1,2722190.0
5,5,156.9119286510591,2,3,4,3,5384770.0
7,4,97.73318468970643,1,3,3,2,3079850.0
5,5,126.16127833519138,2,2,4,2,4450880.0
5,5,152.35971757710888,2,3,4,2,3636210.0
4,3,86.95652173913044,1,2,3,2,1847910.0
5,5,160.99962839093274,2,3,4,2,4470750.0
7,3,138.33147528799702,2,3,3,1,2771865.0
5,5,138.33147528799702,2,3,4,2,4621762.0
5,5,193.60832404310668,2,2,5,3,7649950.0
6,4,72.83537718320328,1,2,4,0,2175765.0
5,5,133.22185061315497,2,3,4,2,3755430.0
5,3,197.5102192493497,2,3,3,2,3675950.0
5,5,113.6194723151245,2,2,4,2,2928838.0
5,3,129.31995540691193,1,3,3,2,3298420.0
5,5,111.48272017837236,2,2,4,2,3000370.0
6,5,169.91824600520255,2,3,4,2,4709190.0
6,3,140.83983649201042,1,3,3,2,3318290.0
6,4,106.28019323671498,1,3,3,2,2780806.5
7,3,99.12671869193609,2,2,4,2,2543360.0
6,4,144.83463396506875,1,2,3,2,3050045.0
5,3,91.69453734671127,1,2,3,1,1987000.0
6,5,102.09959123002602,1,3,4,1,2861280.0
6,5,111.48272017837236,1,3,3,1,2593035.0
8,3,137.68115942028987,2,4,2,1,2781800.0
8,4,142.97658862876256,2,3,4,2,3129525.0
7,3,108.2311408398365,1,3,3,2,3475263.0
4,5,167.22408026755855,2,6,3,0,2801670.0
8,4,131.54960981047938,1,4,3,3,3057993.0
5,3,158.02675585284283,2,3,3,2,3397770.0
5,5,164.90152359717578,2,3,4,2,4232310.0
6,5,80.2675585284281,1,3,3,1,2652645.0
8,3,219.06354515050168,3,5,3,2,4768800.0
7,5,172.3337049424006,2,3,3,2,3715690.0
5,5,78.78112225938314,1,1,4,2,2612905.0
5,5,135.2657004830918,2,2,4,2,4272050.0
5,4,152.91713117800074,2,4,3,1,3258680.0
6,3,134.24377554812338,1,3,3,2,3139460.0
4,3,165.27313266443701,1,3,3,2,3377900.0
8,5,96.61835748792271,1,3,3,1,2523490.0
6,3,95.31772575250837,1,3,3,2,2920890.0
5,4,137.58825715347456,2,3,3,2,3457380.0
5,3,127.27610553697511,2,3,3,2,3020240.0
7,3,246.56261612783354,2,4,4,2,4967500.0
8,4,132.47863247863248,1,3,4,1,3774306.5
4,5,96.5254552211074,1,3,3,2,2612905.0
5,3,101.9137866963954,2,3,3,2,3020240.0
5,3,106.65180230397623,1,3,3,1,2632775.0
5,5,127.46191007060573,2,3,4,2,4979024.600000001
6,3,93.08807134894091,1,3,3,2,2950695.0
5,5,152.91713117800074,2,3,4,3,4945643.0
5,3,104.05053883314754,1,3,2,2,2563230.0
6,4,215.5332590115199,2,2,3,2,3358030.0
5,5,181.06651802303978,2,3,4,2,4689320.0
5,4,83.05462653288741,1,2,3,1,2175765.0
5,5,156.26161278335192,2,3,4,2,3983935.0
7,4,84.54106280193237,1,3,4,2,2304920.0
7,4,117.80007432181345,1,3,3,1,2642710.0
6,5,105.07246376811595,1,3,3,1,1321355.0
5,5,242.4749163879599,2,4,5,2,6030087.99
5,4,96.61835748792271,1,3,3,2,2627807.5
5,5,206.6146413972501,2,4,5,3,6954500.0
7,3,107.30211817168339,1,3,4,2,2940760.0
8,5,80.2675585284281,1,3,3,1,2712255.0
5,4,101.26347082868823,1,2,3,2,3119590.0
5,5,159.51319212188778,2,3,4,2,3725625.0
5,4,147.9933110367893,2,3,3,2,3536860.0
5,3,207.17205499814196,1,5,3,1,2354595.0
5,3,82.86882199925678,1,3,3,1,1987000.0
5,5,158.7699739873653,2,2,4,2,6535243.0
5,5,159.04868078781124,2,4,3,2,2881150.0
7,3,129.41285767372725,1,3,3,1,2692385.0
6,5,205.96432552954295,2,4,4,2,5325160.0
4,5,139.817911557042,1,2,3,2,2970565.0
7,5,85.84169453734671,1,3,3,2,2442023.0
5,4,156.35451505016724,2,3,3,2,3427575.0
8,3,99.2196209587514,1,3,3,1,3069915.0
5,3,128.48383500557415,1,3,3,1,3278550.0
5,3,142.6049795615013,2,4,3,2,2361708.46
5,3,166.8524712002973,1,4,3,2,2781800.0
6,5,88.3500557413601,1,2,3,1,2116155.0
5,3,208.10107766629508,2,6,3,2,2840476.1100000003
5,5,219.62095875139354,2,2,5,3,12153624.59
7,3,114.82720178372352,1,3,3,1,2682450.0
6,3,79.71014492753623,1,2,3,1,2185700.0
7,3,121.33036046079525,1,2,3,1,3040110.0
5,5,140.18952062430324,2,3,4,2,3576600.0
5,5,155.1467855815682,2,3,4,3,4768800.0
6,3,83.79784466740989,1,3,3,1,2493685.0
5,3,98.75510962467484,1,3,3,1,2543360.0
5,5,151.98810850984765,2,3,4,3,5066850.0
7,4,191.09996283909328,1,3,4,1,4967500.0
5,3,83.79784466740989,1,2,3,2,2602970.0
5,5,137.86696395392048,2,3,4,2,3457380.0
5,3,211.25975473801563,2,5,3,2,3065941.0
7,3,117.80007432181345,1,3,4,1,2851345.0
7,3,94.29580081753996,1,3,3,1,1748560.0
6,3,185.99033816425123,2,4,3,3,2881150.0
5,5,113.71237458193981,2,2,4,2,3452074.71
5,2,101.44927536231884,1,3,3,1,1490250.0
3,3,44.593088071348944,0,1,3,1,701629.5700000001
6,5,114.17688591601636,1,3,3,1,2682450.0
5,5,197.603121516165,2,4,4,3,4729060.0
8,5,131.36380527684875,1,3,3,2,3507055.0
5,5,159.88480118914902,2,3,4,2,3993870.0
7,4,204.38498699368265,2,4,3,0,2899033.0
5,5,122.25938312894836,2,3,4,2,3377701.3000000003
5,5,150.22296544035675,2,2,4,2,3834910.0
6,3,156.63322185061315,2,3,3,2,4123025.0
6,3,104.60795243403939,2,3,5,2,3477250.0
5,5,220.54998141954664,2,4,5,3,5662950.0
5,4,183.76068376068378,2,4,3,2,3497120.0
5,5,166.10925306577482,2,3,5,2,4699255.0
5,4,207.72946859903382,2,4,4,2,4411140.0
5,5,136.1947231512449,2,3,4,3,3993870.0
6,5,85.93459680416203,1,2,3,1,2334725.0
5,5,176.9788182831661,2,3,5,3,6358400.0
5,5,139.35340022296546,2,3,4,2,3775300.0
7,5,192.214790040877,2,4,4,2,4808540.0
5,4,69.3979933110368,1,1,3,2,1587613.0
5,5,111.48272017837236,2,2,4,2,3673963.0
5,5,183.1103678929766,2,3,4,2,5027110.0
5,5,182.27424749163882,2,3,4,3,4764806.13
7,5,223.24414715719064,2,4,3,1,4856228.0
5,3,160.5351170568562,2,4,3,2,2998383.0
5,5,191.37866963953923,2,3,4,2,4252180.0
3,3,133.77926421404683,2,4,3,0,2980500.0
4,3,151.61649944258642,2,4,3,2,2841410.0
6,4,124.86064659977704,1,3,4,2,2732125.0
6,3,173.63433667781496,1,2,3,2,2481763.0
6,3,106.28019323671498,1,3,3,1,2841410.0
5,5,151.33779264214047,2,3,4,3,5364900.0
5,5,164.9944258639911,2,3,4,2,3824975.0
7,3,128.29803047194352,1,3,4,2,3924325.0
8,4,80.2675585284281,1,3,4,2,2563230.0
5,4,89.65068747677444,1,3,3,1,2382413.0
8,4,71.3489409141583,1,2,3,1,2660593.0
4,5,182.83166109253068,2,4,3,2,3417640.0
5,3,91.0442214790041,2,4,3,0,2533425.0
6,3,181.90263842437756,2,4,3,2,2881150.0
6,3,114.17688591601636,1,2,3,2,2463880.0
5,3,98.19769602378298,1,3,3,2,2622840.0
5,5,124.21033073206986,2,3,4,2,3675950.0
5,5,131.54960981047938,2,3,4,2,3079850.0
7,4,79.71014492753623,1,2,3,0,2314855.0
7,3,266.8153102935712,2,4,3,2,5404640.0
6,3,143.81270903010034,2,3,4,2,3079850.0
5,5,167.22408026755855,2,2,5,2,4748930.0
5,5,175.9568933481977,2,4,4,2,4270063.0
5,5,137.86696395392048,2,3,4,2,3554743.0
7,5,121.51616499442588,1,2,3,1,3179200.0
7,3,102.0066889632107,1,3,3,1,2682450.0
6,2,89.92939427722037,1,2,3,0,753073.0
5,3,101.72798216276477,1,2,3,1,2781800.0
4,3,110.73950204384988,1,4,3,0,2682450.0
5,5,151.05908584169455,2,2,4,2,3437510.0
5,3,85.28428093645485,2,2,3,1,1977065.0
5,5,132.6644370122631,2,3,4,2,3616340.0
8,3,187.5696767001115,1,3,4,2,3328225.0
5,5,128.39093273875883,2,3,4,2,3278550.0
7,3,80.73206986250464,1,2,2,0,1698885.0
5,5,115.29171311780009,1,1,4,2,3972013.0
5,5,83.05462653288741,1,3,3,2,2185700.0
6,3,104.14344109996284,1,3,3,2,2761930.0
9,4,92.80936454849498,1,3,5,2,3544808.0
5,5,242.6607209215905,2,4,4,3,6676320.0
5,5,117.61426978818284,2,2,4,2,3177113.6500000004
5,5,212.7461910070606,2,4,4,2,5084733.0
5,3,161.09253065774806,2,4,4,2,2503620.0
5,3,108.13823857302118,1,3,3,1,2483750.0
8,4,151.89520624303233,1,2,4,1,2324790.0
5,5,180.23039762170197,2,3,5,3,7852465.04
6,3,188.5916016350799,2,4,4,2,3874650.0
5,5,146.41397250092902,2,3,4,2,3914390.0
5,5,222.22222222222223,2,3,4,3,6914760.0
9,4,161.83574879227055,1,4,4,2,3338160.0
8,4,171.96209587513937,2,3,4,2,3715690.0
5,5,139.35340022296546,2,3,4,2,3455393.0
5,5,159.6060943887031,2,3,5,3,6706125.0
7,3,114.26978818283166,1,3,3,1,2416192.0
6,3,97.54738015607582,1,3,3,1,2712255.0
6,3,133.96506874767746,2,2,3,2,3675950.0
4,2,100.05574136008919,1,3,3,1,1808170.0
5,5,112.22593831289484,2,2,4,2,4093220.0
3,2,87.69973987365292,1,2,2,2,1629340.0
6,5,64.19546636937942,1,2,5,1,1708820.0
5,5,146.22816796729842,2,3,4,3,4609840.0
6,2,156.0758082497213,2,4,3,2,2720302.35
5,5,139.7250092902267,2,1,4,2,3596470.0
8,3,91.50873281308064,2,3,3,1,2978513.0
3,4,153.93905611296915,2,3,3,2,3248745.0
4,3,101.44927536231884,1,3,3,1,1748560.0
5,5,158.8628762541806,2,3,4,2,4768800.0
5,5,141.39725009290228,2,4,3,0,2026740.0
5,3,118.07878112225939,2,4,3,1,2682450.0
5,3,154.58937198067633,2,4,3,0,1987000.0
7,3,139.53920475659606,1,3,4,1,3278550.0
4,3,94.94611668524712,1,2,3,1,1688950.0
5,3,100.52025269416575,1,2,3,1,2368504.0
6,5,154.68227424749165,2,3,4,2,4510490.0
5,5,139.7250092902267,2,3,4,2,4033610.0
5,4,126.34708286882201,1,1,4,2,3725625.0
5,4,136.75213675213675,2,3,4,2,3179200.0
5,5,139.91081382385732,2,2,4,2,4242046.3
5,5,105.16536603493125,1,2,4,2,3497120.0
5,5,113.34076551467857,2,2,4,2,3854780.0
5,4,115.94202898550725,1,2,3,1,1728690.0
5,5,139.7250092902267,2,2,4,2,3795170.0
6,3,269.2307692307692,2,2,4,2,5702690.0
5,3,81.93979933110369,1,3,3,2,2235375.0
5,3,117.42846525455222,1,3,3,2,3328225.0
5,5,152.91713117800074,2,3,4,3,5823439.99
5,3,127.83351913786697,1,3,3,1,2086350.0
7,4,113.15496098104795,1,3,3,1,2344660.0
8,4,179.11557041991827,2,5,3,0,3179200.0
3,5,286.3247863247863,2,5,3,2,3914390.0
7,5,234.11371237458195,2,5,4,3,6159700.0
5,5,153.66034931252324,2,3,4,3,4570100.0
7,5,88.62876254180603,1,2,2,1,2379432.5
3,5,78.50241545893721,1,3,3,1,1669080.0
5,5,150.5016722408027,2,2,5,3,6268985.0
5,5,210.23782980304722,2,3,4,2,5702690.0
6,3,124.86064659977704,1,3,3,0,1927390.0
4,3,58.52842809364549,1,1,3,1,1589600.0
4,5,167.50278706800447,2,3,3,2,3079850.0
8,4,151.61649944258642,1,4,4,2,3437510.0
5,5,121.33036046079525,2,1,4,2,3894520.0
5,5,216.36937941285768,2,4,4,2,5211503.600000001
5,3,234.48532144184318,2,4,4,2,5523860.0
5,5,160.99962839093274,2,4,3,2,2773852.0
5,5,266.44370122630994,3,4,5,3,11059264.47
5,5,91.9732441471572,1,3,3,2,2881150.0
4,3,164.52991452991455,1,3,3,2,2285050.0
7,5,86.39910813823857,1,2,4,1,1686963.0
5,5,120.95875139353402,2,3,4,2,3506756.95
5,5,122.25938312894836,2,3,4,2,3976801.6700000004
6,3,183.66778149386846,1,4,3,2,3278550.0
6,5,141.76885916016352,1,4,3,1,2871215.0
5,5,184.7826086956522,2,3,4,2,5066850.0
5,3,141.4901523597176,2,3,3,2,3576600.0
5,5,126.71869193608325,2,2,4,2,3692839.5
6,5,171.86919360832405,2,3,4,2,4927760.0
5,5,202.8985507246377,2,3,5,3,6656450.0
7,3,184.96841322928282,1,3,3,2,4371400.0
5,5,124.30323299888518,2,2,4,2,4242245.0
4,3,83.05462653288741,1,2,3,3,1609470.0
5,3,217.11259754738018,2,5,3,2,1788300.0
6,4,102.47120029728725,1,2,4,2,2195635.0
6,5,107.20921590486809,1,3,3,2,3059980.0
5,5,209.95912300260127,2,3,4,2,6517360.0
7,4,145.94946116685247,2,3,3,2,3536860.0
6,3,149.66555183946488,1,4,3,2,3336173.0
4,4,234.20661464139727,2,5,3,2,3008318.0
7,3,82.9617242660721,1,2,4,2,2682450.0
5,3,97.36157562244519,1,3,3,1,2682450.0
6,5,144.55592716462283,1,4,3,2,3059980.0
3,2,135.2657004830918,1,4,3,1,1818105.0
6,3,132.47863247863248,1,3,3,2,3169265.0
5,5,115.19881085098477,2,2,4,3,3854780.0
6,3,161.64994425863992,1,3,3,1,4361465.0
8,4,136.1947231512449,2,3,4,2,3377900.0
5,5,101.82088442958009,1,3,3,1,2757956.0
5,5,78.78112225938314,1,1,4,2,3097733.0
5,4,91.9732441471572,1,3,3,1,2503620.0
7,5,116.87105165366036,2,3,4,2,2881150.0
5,2,96.61835748792271,1,3,3,1,2642710.0
5,5,135.54440728353774,2,3,4,2,3815040.0
6,3,116.22073578595318,1,3,3,1,3179200.0
5,4,139.16759568933483,2,3,3,2,3725625.0
6,5,92.53065774804905,1,2,4,2,2920890.0
5,3,101.44927536231884,1,3,3,1,1659145.0
5,5,181.438127090301,2,3,4,3,5007240.0
5,5,158.7699739873653,2,3,4,2,2732125.0
5,5,115.84912671869195,1,1,4,2,3914390.0
4,2,96.61835748792271,2,2,3,2,1845923.0
5,5,116.3136380527685,2,2,4,2,3179200.0
5,2,157.37643998513565,2,4,3,2,2712255.0
8,4,111.48272017837236,1,1,4,2,2901020.0
7,5,86.95652173913044,1,2,3,1,2563230.0
5,4,122.07357859531773,2,3,4,2,3505703.8400000003
7,3,125.88257153474545,1,3,4,0,2523490.0
5,5,101.07766629505761,1,2,4,2,3377900.0
6,3,123.00260126347084,1,3,3,1,2543360.0
5,3,148.7365291713118,2,3,3,2,3119590.0
5,3,40.69119286510591,1,1,2,1,1192200.0
5,3,88.25715347454478,1,3,3,1,2374465.0
7,5,105.35117056856188,1,2,3,1,2682450.0
6,5,110.9253065774805,1,3,3,2,3169265.0
5,3,120.95875139353402,2,3,3,2,2106220.0
5,5,243.5897435897436,2,3,4,2,6457750.0
5,4,133.96506874767746,2,3,4,2,3574613.0
5,5,187.7554812337421,2,3,4,2,5458785.75
5,5,157.00483091787441,2,3,3,2,3596470.0
5,5,170.5685618729097,2,3,4,3,5563600.0
5,4,154.03195837978447,2,3,3,2,3735560.0
6,3,182.46005202526942,2,4,3,2,4073350.0
7,3,75.80824972129321,1,2,3,1,2581113.0
7,4,93.64548494983278,1,2,4,1,2672515.0
7,5,77.38758825715348,1,2,4,1,2324790.0
5,5,161.09253065774806,2,3,5,3,6318660.0
5,5,131.82831661092533,2,3,4,2,3658067.0
7,5,83.05462653288741,1,3,4,2,2583100.0
6,3,148.7365291713118,1,3,3,1,2781800.0
5,3,96.61835748792271,1,3,3,1,2656619.0
5,3,94.01709401709402,1,2,3,1,2352608.0
5,5,144.1843180973616,2,3,4,3,4230323.0
3,5,89.18617614269789,1,3,3,1,2225440.0
9,5,64.8457822370866,1,2,3,0,2344660.0
5,4,137.68115942028987,2,3,4,2,3256693.0
5,3,93.36677814938685,1,2,2,2,2285050.0
5,5,144.46302489780751,2,2,4,3,3457380.0
5,5,142.14046822742475,2,3,4,3,5146330.0
5,5,181.99554069119287,2,4,4,2,4272050.0
5,3,86.95652173913044,1,2,3,2,2781800.0
3,3,184.0393905611297,2,4,4,2,2682450.0
5,3,90.48680787811223,1,3,3,0,1857845.0
4,3,205.31400966183577,2,5,2,1,2334725.0
5,5,187.66257896692682,2,3,4,2,4758865.0
5,4,148.64362690449647,2,3,3,2,3358030.0
5,3,91.60163507989596,1,2,3,1,2026740.0
5,3,116.3136380527685,1,3,3,1,2364530.0
8,4,94.7603121516165,1,2,3,0,1867780.0
5,3,145.57785209959124,2,2,4,2,3894520.0
5,3,108.41694537346712,1,3,3,2,2861280.0
7,3,88.44295800817541,1,2,3,2,2761930.0
7,5,173.54143441099964,2,4,4,2,3924325.0
5,5,262.7276105536975,3,4,4,3,8442166.9
3,3,93.45968041620216,1,3,3,0,1589600.0
4,2,85.84169453734671,1,2,2,1,1589600.0
6,5,146.41397250092902,1,3,3,1,2960630.0
5,3,120.58714232627277,2,3,4,2,3576600.0
7,5,145.2991452991453,1,3,2,1,3467315.0
7,3,103.21441843180975,1,2,3,1,2322803.0
9,5,137.68115942028987,1,3,3,2,2841410.0
5,5,86.5849126718692,1,2,4,1,2463880.0
4,3,136.1947231512449,1,3,2,2,2978513.0
7,5,168.24600520252696,1,2,5,2,4570100.0
8,5,75.80824972129321,1,2,3,1,2394335.0
6,3,169.08212560386474,1,4,4,2,4009766.0
8,3,133.5005574136009,2,3,4,2,4331660.0
8,4,117.52136752136752,2,3,4,2,3574613.0
5,5,122.07357859531773,2,2,4,2,4570100.0
5,5,146.78558156819028,2,3,4,3,4671993.36
6,3,174.28465254552214,2,4,4,2,3675950.0
5,2,135.2657004830918,2,3,3,2,2901020.0
7,5,152.35971757710888,1,3,4,2,4450880.0
5,4,83.05462653288741,1,3,3,2,2563230.0
4,3,116.87105165366036,0,0,3,2,2165015.33
7,5,133.03604607952434,1,2,4,2,3854780.0
5,5,139.53920475659606,2,3,4,2,4633087.9
5,5,157.37643998513565,2,3,4,3,4875104.5
5,5,155.2396878483835,2,3,3,2,3437510.0
7,5,195.8379784466741,2,4,4,2,4669450.0
5,5,336.95652173913044,3,4,4,3,12418750.0
6,3,103.86473429951691,1,3,3,1,3397770.0
6,5,117.14975845410629,1,3,3,2,3238810.0
5,5,116.12783351913788,2,2,4,2,3415653.0
6,3,286.6963953920476,3,3,5,0,3983935.0
8,3,217.85581568190264,2,4,3,2,4748930.0
5,5,266.8153102935712,2,4,4,2,5662950.0
5,3,85.74879227053141,1,3,3,1,2374465.0
8,3,113.71237458193981,1,3,3,1,2285050.0
6,5,124.76774433296173,1,3,3,1,3077863.0
5,4,104.42214790040877,1,3,3,0,1847910.0
5,5,233.5562987736901,2,4,3,2,4967500.0
5,5,153.4745447788926,2,2,4,2,7798975.0
5,5,415.8305462653289,3,4,5,3,14803150.0
6,5,104.97956150130064,1,2,3,2,2384400.0
4,4,146.0423634336678,1,3,3,3,3709729.0
7,4,113.43366778149388,1,4,3,1,2084363.0
5,3,157.8409513192122,2,3,3,2,1887650.0
5,5,150.87328130806392,2,2,4,3,5205940.0
5,5,154.2177629134151,2,3,4,2,3874650.0
5,4,167.59568933481978,2,3,4,2,3755430.0
4,5,150.6874767744333,1,3,3,4,3338160.0
5,5,133.87216648086215,2,2,4,2,3457380.0
8,4,136.75213675213675,1,3,4,1,2483750.0
5,5,113.71237458193981,2,2,3,2,3278550.0
7,3,125.60386473429952,1,4,3,1,3139460.0
5,5,135.2657004830918,2,3,4,2,3497120.0
5,5,173.0769230769231,2,4,4,3,4355702.7
6,5,157.00483091787441,1,3,3,1,2861280.0
5,5,112.59754738015609,2,3,4,2,3536860.0
5,4,128.39093273875883,1,3,3,2,2940760.0
5,4,80.2675585284281,1,3,3,1,2305913.5
5,5,165.27313266443701,2,3,4,2,3932273.0
8,5,125.23225566703829,1,3,3,1,2324790.0
5,5,151.4306949089558,2,3,4,2,4232310.0
6,5,99.77703455964325,1,3,3,2,3050045.0
7,4,204.0133779264214,2,3,4,3,5402653.0
4,3,98.10479375696768,1,2,3,1,2126090.0
5,5,157.9338535860275,2,3,4,2,3974000.0
7,3,119.19360832404311,1,3,3,2,2781800.0
5,5,154.2177629134151,2,3,4,2,5762300.0
5,5,171.4046822742475,2,3,4,2,3755430.0
7,4,162.76477146042365,2,4,3,2,3258680.0
6,3,62.43032329988852,1,2,3,1,2245310.0
9,5,89.18617614269789,0,0,3,1,2881150.0
5,3,92.80936454849498,1,3,3,1,2672515.0
5,3,83.05462653288741,1,3,3,1,2483750.0
5,3,176.7001114827202,2,4,3,2,2225440.0
5,5,122.07357859531773,2,3,4,2,4559290.720000001
5,4,84.726867335563,1,2,3,0,1599535.0
5,3,113.15496098104795,1,3,3,0,1818105.0
5,3,84.726867335563,1,2,3,1,2285050.0
5,5,112.50464511334077,1,3,3,1,2662580.0
6,5,171.49758454106282,2,3,3,1,2841410.0
3,3,198.4392419175028,2,4,3,2,2740073.0
5,5,138.42437755481234,2,3,4,2,3656080.0
8,5,105.72277963582312,1,3,3,1,2881150.0
5,5,179.58008175399482,2,4,4,3,4252180.0
8,5,84.726867335563,1,2,4,2,2920890.0
5,5,158.11965811965814,1,1,5,3,7298131.78
5,4,140.0037160906726,2,4,3,1,2523490.0
5,5,243.403939056113,2,4,3,2,3775300.0
6,3,110.55369751021925,1,3,3,2,2632775.0
5,3,113.71237458193981,2,2,3,2,2022766.0
5,2,110.36789297658864,1,3,3,2,2821540.0
6,3,182.46005202526942,1,4,3,0,2583100.0
5,4,165.73764399851356,1,4,3,1,2759684.69
5,5,151.05908584169455,2,2,4,2,3487185.0
5,5,180.97361575622446,2,4,4,2,3874650.0
5,5,106.00148643626905,1,3,3,2,2831475.0
5,5,137.86696395392048,2,2,5,2,5283433.0
5,5,164.2512077294686,2,3,4,2,4468763.0
6,5,156.9119286510591,2,3,4,3,4934277.36
6,3,108.97435897435898,2,3,4,2,3377900.0
5,5,192.86510590858418,2,2,5,3,9239550.0
7,2,140.93273875882574,1,3,4,2,4570100.0
7,5,173.54143441099964,3,3,3,2,3536860.0
5,5,144.27722036417688,2,3,4,2,3705755.0
5,3,96.06094388703085,1,3,3,3,3375913.0
5,2,191.1928651059086,1,3,3,2,2573165.0
7,3,91.78743961352657,1,3,3,1,2364530.0
5,5,196.02378298030473,2,3,5,2,4848280.0
5,5,130.52768487551097,2,2,4,2,3412672.5
6,3,81.1965811965812,1,3,3,1,2583100.0
7,3,201.3192121887774,2,3,4,2,5841780.0
5,5,153.84615384615387,2,3,4,2,3286498.0
6,3,126.99739873652918,1,3,3,1,2533425.0
5,5,184.59680416202156,2,2,4,2,5990805.0
8,5,80.2675585284281,1,2,3,0,1985013.0
5,5,108.32404310665181,2,2,4,2,3775300.0
8,4,97.91898922333705,1,3,3,2,3000370.0
5,5,155.61129691564474,2,3,3,2,3596470.0
6,4,97.54738015607582,1,2,3,1,2561243.0
5,5,166.10925306577482,1,5,3,1,3209005.0
6,5,169.453734671126,1,3,3,2,3586535.0
5,5,124.21033073206986,2,2,4,2,3596470.0
5,5,134.89409141583056,2,3,4,2,3654093.0
4,3,175.49238201412115,1,4,3,1,2424140.0
5,5,187.47677443329619,2,3,5,3,7520795.0
9,5,320.2341137123746,3,4,4,3,7570470.0
5,3,141.58305462653288,1,3,3,1,2861280.0
6,3,141.58305462653288,0,0,4,2,5166200.0
7,4,138.33147528799702,2,3,4,2,3690852.5
6,3,86.86361947231514,1,3,3,1,2722190.0
7,4,126.06837606837608,1,2,5,1,3516990.0
6,5,116.12783351913788,2,3,3,2,2761930.0
5,4,178.37235228539578,2,4,3,2,2722190.0
6,3,129.59866220735788,1,3,3,2,3218940.0
5,2,160.16350798959496,1,3,3,2,3932273.0
5,5,188.68450390189523,2,3,4,2,4709190.0
4,3,104.79375696767002,1,2,3,2,1359108.0
5,5,146.1352657004831,2,3,4,2,4510490.0
5,3,124.3961352657005,2,2,3,2,3576600.0
7,3,96.61835748792271,2,3,4,2,2990435.0
5,3,169.453734671126,2,4,3,0,2761930.0
7,5,227.3318468970643,2,4,4,1,3358030.0
6,5,131.17800074321815,1,4,3,1,2632775.0
5,3,123.37421033073208,1,3,3,2,2841410.0
5,2,146.97138610182088,2,4,3,2,3775300.0
5,5,154.12486064659979,2,2,5,2,5523860.0
5,5,183.01746562616128,2,3,5,3,5583470.0
7,3,107.02341137123746,1,3,3,2,3586535.0
7,3,120.95875139353402,2,3,3,1,2374465.0
4,3,220.36417688591604,2,4,3,1,2136025.0
5,3,154.58937198067633,2,4,3,2,3236823.0
7,3,80.2675585284281,1,2,3,2,2285050.0
5,4,97.73318468970643,1,3,3,1,2751995.0
6,4,104.79375696767002,2,3,3,2,3079850.0
5,4,99.59123002601264,2,2,3,2,2781800.0
5,5,524.1545893719807,2,3,5,2,3179200.0
7,5,115.75622445187663,1,3,4,1,3059980.0
5,5,184.22519509476032,2,3,4,2,4470750.0
7,2,138.7959866220736,1,3,4,1,3526925.0
5,5,234.6711259754738,2,4,4,3,5762300.0
5,5,150.13006317354143,2,3,4,3,4609840.0
5,5,158.67707172055,2,3,4,2,2583100.0
5,5,153.4745447788926,2,2,5,2,6457750.0
5,5,127.09030100334449,2,2,4,2,4023675.0
5,5,91.9732441471572,1,3,3,2,2742060.0
7,5,104.23634336677816,1,2,4,2,2920890.0
5,4,120.21553325901152,2,3,4,2,3560704.0
8,3,176.7001114827202,2,3,5,2,6656450.0
5,5,118.35748792270532,2,3,4,2,4033610.0
5,5,261.05536975102194,2,4,4,2,6000740.0
5,5,241.45299145299145,2,4,4,3,6620048.16
6,5,88.07134894091416,1,3,3,1,2364530.0
5,3,196.20958751393536,2,4,3,2,4111103.0
5,5,151.4306949089558,2,3,5,3,5871445.91
5,5,125.60386473429952,2,2,4,2,4150843.0
5,5,166.0163507989595,2,3,4,3,5464250.0
5,5,88.07134894091416,1,3,3,1,2205570.0
3,4,137.3095503530286,1,3,3,2,3109655.0
6,3,66.88963210702342,1,2,3,1,1440575.0
5,5,178.6510590858417,2,3,4,2,3775300.0
7,4,65.77480490523969,1,2,2,0,1639275.0
5,5,166.759568933482,2,2,4,3,2920890.0
4,2,73.950204384987,1,2,3,0,1092850.0
6,5,71.90635451505017,1,3,4,0,1569730.0
9,5,75.80824972129321,1,3,4,1,2593035.0
7,5,259.3831289483464,2,5,3,2,5086720.0
5,4,151.61649944258642,2,3,3,2,3507055.0
5,5,147.52879970271275,2,3,4,3,4510490.0
5,4,88.62876254180603,1,3,3,2,2632775.0
6,5,75.80824972129321,1,2,3,1,1987000.0
6,5,126.34708286882201,1,2,4,1,2493685.0
6,3,126.81159420289856,1,3,3,2,2483750.0
5,3,123.93162393162395,2,2,3,2,3336173.0
5,3,153.84615384615387,2,4,3,2,2682450.0
4,2,64.38127090301003,1,2,2,0,1043175.0
5,5,172.89111854329246,2,3,4,2,3974000.0
7,5,80.2675585284281,1,3,3,1,2553295.0
5,3,81.01077666295058,1,3,3,4,2444010.0
5,5,103.49312523225568,1,3,4,2,3079850.0
5,5,201.50501672240804,2,3,4,2,4540295.0
6,4,177.7220364176886,1,3,3,2,3516990.0
5,5,135.2657004830918,2,3,4,2,3096441.45
4,4,89.18617614269789,1,2,2,1,2155895.0
7,3,200.297287253809,2,3,3,2,5215875.0
5,5,164.9944258639911,2,3,4,3,5632409.8100000005
5,5,138.7959866220736,2,3,4,2,4272050.0
5,2,219.06354515050168,2,4,3,0,2424140.0
5,3,244.70457079152732,2,6,3,4,3974000.0
6,5,159.42028985507247,1,4,3,2,3397770.0
9,3,109.25306577480491,1,2,3,2,2680463.0
5,5,300.81753994797475,2,4,4,3,8146700.0
5,5,173.2627276105537,2,3,4,3,4669450.0
6,4,178.37235228539578,3,4,4,2,3377900.0
5,3,82.86882199925678,1,3,3,1,2185700.0
6,5,100.1486436269045,1,3,3,2,2978513.0
5,5,146.1352657004831,2,3,4,2,3526925.0
5,5,183.9464882943144,2,3,5,3,6259050.0
6,5,241.63879598662209,3,4,3,2,3755430.0
5,5,142.14046822742475,2,3,4,2,5166200.0
4,4,161.4641397250093,2,4,3,1,2084363.0
5,5,131.17800074321815,2,3,4,2,3118238.8400000003
5,5,111.48272017837236,2,2,4,2,2864300.24
5,5,155.51839464882943,2,3,4,2,4291920.0
5,5,166.29505759940542,2,3,4,2,3834910.0
6,5,137.0308435525827,2,4,3,1,2523490.0
5,5,78.78112225938314,1,1,4,2,2861280.0
5,5,154.96098104793757,2,3,4,2,4609840.0
6,5,127.64771460423636,1,2,3,1,2086350.0
6,4,154.31066518023042,1,3,4,1,3288485.0
6,5,194.8160535117057,2,3,4,2,5450341.0
5,5,244.61166852471203,2,2,5,3,9269355.0
5,5,181.90263842437756,2,3,4,3,4967500.0
5,5,145.94946116685247,2,3,4,3,4748930.0
5,3,73.39279078409514,1,2,3,1,1808170.0
5,5,149.01523597175773,2,3,3,2,2324790.0
5,3,91.69453734671127,1,2,3,1,1649210.0
5,4,129.50575994054256,2,3,4,2,3328225.0
3,3,80.2675585284281,1,2,3,1,1162395.0
7,5,196.6740988480119,2,4,3,2,4719125.0
7,5,163.69379412857674,1,4,4,2,3119590.0
7,5,131.54960981047938,2,3,4,2,2225440.0
5,3,116.87105165366036,1,2,3,1,2086350.0
8,4,107.20921590486809,1,3,4,1,2493685.0
5,3,258.63991081382386,3,5,4,2,4967500.0
7,3,234.6711259754738,2,5,4,1,2702320.0
5,5,162.20735785953178,2,3,5,3,7500925.0
6,5,113.15496098104795,1,3,3,2,2602970.0
5,5,141.6759568933482,2,3,4,2,4669450.0
5,3,147.1571906354515,2,4,3,3,2463880.0
5,3,83.61204013377927,1,3,3,1,2444010.0
7,5,177.62913415087328,2,3,3,2,3238810.0
5,5,139.35340022296546,2,2,4,3,4899504.86
5,5,230.58342623560017,2,4,4,3,5587702.3100000005
5,3,156.72612411742847,1,3,3,2,3179200.0
8,5,140.56112969156447,1,4,3,1,2732125.0
4,4,176.88591601635082,1,3,3,1,2742060.0
6,5,149.38684503901897,2,3,4,1,2731131.5
7,3,107.58082497212932,1,3,3,1,2384400.0
5,5,147.9933110367893,2,3,3,2,3834910.0
5,5,120.21553325901152,2,2,4,2,3852375.73
5,5,136.00891861761428,2,3,4,3,5621660.140000001
4,3,112.7833519137867,1,3,3,3,2086350.0
5,5,152.91713117800074,2,2,4,2,5464250.0
7,3,71.3489409141583,1,2,3,2,2642710.0
5,5,77.38758825715348,1,3,3,0,2225440.0
7,4,126.62578966926793,1,3,3,2,2493685.0
6,4,194.44444444444446,2,3,3,2,4272050.0
5,5,170.94017094017096,2,3,4,2,4570100.0
8,5,154.96098104793757,1,3,3,1,2781800.0
5,2,96.61835748792271,2,2,3,2,1788300.0
5,5,171.3117800074322,2,2,4,2,5106590.0
7,4,171.68338907469342,1,4,4,2,4113090.0
5,5,145.76365663322187,2,1,4,3,3495133.0
6,4,212.7461910070606,2,4,3,2,2434075.0
5,5,227.61055369751023,2,3,4,3,6755800.0
5,3,106.28019323671498,1,3,3,1,2463880.0
5,4,171.3117800074322,2,3,4,2,4431010.0
6,4,131.54960981047938,2,3,3,2,3574613.0
5,3,99.31252322556671,2,2,3,2,2533425.0
5,5,78.78112225938314,1,1,4,2,2712255.0
7,3,204.47788926049796,2,4,4,2,5463653.9
5,3,124.86064659977704,1,2,3,1,2861280.0
6,5,116.3136380527685,1,3,4,2,2821540.0
5,5,197.603121516165,2,3,4,2,5384770.0
6,3,144.74173169825346,1,3,3,1,2781800.0
7,3,74.69342251950948,1,2,4,1,2364530.0
7,5,133.77926421404683,2,3,4,2,3634223.0
5,5,170.75436640654033,2,4,3,2,3817821.8000000003
6,3,89.00037160906727,2,2,3,2,2856312.5
6,3,89.92939427722037,2,4,3,1,1281615.0
5,5,166.48086213303606,2,3,3,2,3705755.0
5,2,104.60795243403939,2,3,3,2,3179200.0
9,3,142.79078409513193,1,3,4,2,3457380.0
6,3,80.2675585284281,1,3,3,2,2394335.0
5,5,179.4871794871795,2,2,5,3,7841039.79
7,3,114.82720178372352,1,2,3,2,2974539.0
6,3,160.25641025641028,2,3,3,2,3914390.0
7,2,237.3652917131178,2,3,3,2,3795170.0
5,5,78.78112225938314,1,1,4,2,2966591.0
5,5,186.45484949832777,2,3,5,3,6159700.0
6,2,88.44295800817541,1,2,2,1,2404270.0
5,5,132.10702341137124,2,3,4,2,3568652.0
5,4,84.8197696023783,1,3,3,1,2563230.0
7,3,110.36789297658864,1,3,3,1,3137473.0
5,5,194.1657376439985,2,3,4,2,4768800.0
7,4,125.04645113340766,1,2,3,1,2225440.0
7,5,58.52842809364549,1,1,5,0,1828040.0
5,3,166.48086213303606,2,4,3,0,2702320.0
5,5,146.59977703455965,2,3,5,3,5704478.300000001
5,4,99.59123002601264,1,2,3,2,2881150.0
5,5,105.90858416945375,1,3,3,0,1679015.0
5,5,113.43366778149388,2,2,4,2,3675950.0
5,5,153.01003344481606,2,3,3,2,3477250.0
6,3,192.58639910813824,2,3,3,2,4172700.0
9,5,217.3913043478261,2,4,4,1,5295355.0
6,4,100.1486436269045,1,2,4,1,2824023.75
6,4,116.68524712002973,1,3,3,1,2930825.0
